1,PENELOPE GUINESS,pguiness,pguiness@correo.com,,,,2021-10-19,2021-10-19 23:50:00
2,NICK WAHLBERG,nwahlberg,nwahlberg@correo.com,,,,2021-10-19,2021-10-19 23:50:00
3,ED CHASE,echase,echase@correo.com,,,,2021-10-19,2021-10-19 23:50:00
4,JENNIFER DAVIS,jdavis,jdavis@correo.com,,,,2021-10-19,2021-10-19 23:50:00
5,JOHNNY LOLLOBRIGIDA,jlollobrigida,jlollobrigida@correo.com,,,,2021-10-19,2021-10-19 23:50:00
6,BETTE NICHOLSON,bnicholson,bnicholson@correo.com,,,,2021-10-19,2021-10-19 23:50:00
7,GRACE MOSTEL,gmostel,gmostel@correo.com,,,,2021-10-19,2021-10-19 23:50:00
8,MATTHEW JOHANSSON,mjohansson,mjohansson@correo.com,,,,2021-10-19,2021-10-19 23:50:00
9,JOE SWANK,jswank,jswank@correo.com,,,,2021-10-19,2021-10-19 23:50:00
10,CHRISTIAN GABLE,cgable,cgable@correo.com,,,,2021-10-19,2021-10-19 23:50:00
11,ZERO CAGE,zcage,zcage@correo.com,,,,2021-10-19,2021-10-19 23:50:00
12,KARL BERRY,kberry,kberry@correo.com,,,,2021-10-19,2021-10-19 23:50:00
13,UMA WOOD,uwood,uwood@correo.com,,,,2021-10-19,2021-10-19 23:50:00
14,VIVIEN BERGEN,vbergen,vbergen@correo.com,,,,2021-10-19,2021-10-19 23:50:00
15,CUBA OLIVIER,colivier,colivier@correo.com,,,,2021-10-19,2021-10-19 23:50:00
16,FRED COSTNER,fcostner,fcostner@correo.com,,,,2021-10-19,2021-10-19 23:50:00
17,HELEN VOIGHT,hvoight,hvoight@correo.com,,,,2021-10-19,2021-10-19 23:50:00
18,DAN TORN,dtorn,dtorn@correo.com,,,,2021-10-19,2021-10-19 23:50:00
19,BOB FAWCETT,bfawcett,bfawcett@correo.com,,,,2021-10-19,2021-10-19 23:50:00
20,LUCILLE TRACY,ltracy,ltracy@correo.com,,,,2021-10-19,2021-10-19 23:50:00
21,KIRSTEN PALTROW,kpaltrow,kpaltrow@correo.com,,,,2021-10-19,2021-10-19 23:50:00
22,ELVIS MARX,emarx,emarx@correo.com,,,,2021-10-19,2021-10-19 23:50:00
23,SANDRA KILMER,skilmer,skilmer@correo.com,,,,2021-10-19,2021-10-19 23:50:00
24,CAMERON STREEP,cstreep,cstreep@correo.com,,,,2021-10-19,2021-10-19 23:50:00
25,KEVIN BLOOM,kbloom,kbloom@correo.com,,,,2021-10-19,2021-10-19 23:50:00
26,RIP CRAWFORD,rcrawford,rcrawford@correo.com,,,,2021-10-19,2021-10-19 23:50:00
27,JULIA MCQUEEN,jmcqueen,jmcqueen@correo.com,,,,2021-10-19,2021-10-19 23:50:00
28,WOODY HOFFMAN,whoffman,whoffman@correo.com,,,,2021-10-19,2021-10-19 23:50:00
29,ALEC WAYNE,awayne,awayne@correo.com,,,,2021-10-19,2021-10-19 23:50:00
30,SANDRA PECK,speck,speck@correo.com,,,,2021-10-19,2021-10-19 23:50:00
31,SISSY SOBIESKI,ssobieski,ssobieski@correo.com,,,,2021-10-19,2021-10-19 23:50:00
32,TIM HACKMAN,thackman,thackman@correo.com,,,,2021-10-19,2021-10-19 23:50:00
33,MILLA PECK,mpeck,mpeck@correo.com,,,,2021-10-19,2021-10-19 23:50:00
34,AUDREY OLIVIER,aolivier,aolivier@correo.com,,,,2021-10-19,2021-10-19 23:50:00
35,JUDY DEAN,jdean,jdean@correo.com,,,,2021-10-19,2021-10-19 23:50:00
36,BURT DUKAKIS,bdukakis,bdukakis@correo.com,,,,2021-10-19,2021-10-19 23:50:00
37,VAL BOLGER,vbolger,vbolger@correo.com,,,,2021-10-19,2021-10-19 23:50:00
38,TOM MCKELLEN,tmckellen,tmckellen@correo.com,,,,2021-10-19,2021-10-19 23:50:00
39,GOLDIE BRODY,gbrody,gbrody@correo.com,,,,2021-10-19,2021-10-19 23:50:00
40,JOHNNY CAGE,jcage,jcage@correo.com,,,,2021-10-19,2021-10-19 23:50:00
41,JODIE DEGENERES,jdegeneres,jdegeneres@correo.com,,,,2021-10-19,2021-10-19 23:50:00
42,TOM MIRANDA,tmiranda,tmiranda@correo.com,,,,2021-10-19,2021-10-19 23:50:00
43,KIRK JOVOVICH,kjovovich,kjovovich@correo.com,,,,2021-10-19,2021-10-19 23:50:00
44,NICK STALLONE,nstallone,nstallone@correo.com,,,,2021-10-19,2021-10-19 23:50:00
45,REESE KILMER,rkilmer,rkilmer@correo.com,,,,2021-10-19,2021-10-19 23:50:00
46,PARKER GOLDBERG,pgoldberg,pgoldberg@correo.com,,,,2021-10-19,2021-10-19 23:50:00
47,JULIA BARRYMORE,jbarrymore,jbarrymore@correo.com,,,,2021-10-19,2021-10-19 23:50:00
48,FRANCES DAY-LEWIS,fday-lewis,fday-lewis@correo.com,,,,2021-10-19,2021-10-19 23:50:00
49,ANNE CRONYN,acronyn,acronyn@correo.com,,,,2021-10-19,2021-10-19 23:50:00
50,NATALIE HOPKINS,nhopkins,nhopkins@correo.com,,,,2021-10-19,2021-10-19 23:50:00
51,GARY PHOENIX,gphoenix,gphoenix@correo.com,,,,2021-10-19,2021-10-19 23:50:00
52,CARMEN HUNT,chunt,chunt@correo.com,,,,2021-10-19,2021-10-19 23:50:00
53,MENA TEMPLE,mtemple,mtemple@correo.com,,,,2021-10-19,2021-10-19 23:50:00
54,PENELOPE PINKETT,ppinkett,ppinkett@correo.com,,,,2021-10-19,2021-10-19 23:50:00
55,FAY KILMER,fkilmer,fkilmer@correo.com,,,,2021-10-19,2021-10-19 23:50:00
56,DAN HARRIS,dharris,dharris@correo.com,,,,2021-10-19,2021-10-19 23:50:00
57,JUDE CRUISE,jcruise,jcruise@correo.com,,,,2021-10-19,2021-10-19 23:50:00
58,CHRISTIAN AKROYD,cakroyd,cakroyd@correo.com,,,,2021-10-19,2021-10-19 23:50:00
59,DUSTIN TAUTOU,dtautou,dtautou@correo.com,,,,2021-10-19,2021-10-19 23:50:00
60,HENRY BERRY,hberry,hberry@correo.com,,,,2021-10-19,2021-10-19 23:50:00
61,CHRISTIAN NEESON,cneeson,cneeson@correo.com,,,,2021-10-19,2021-10-19 23:50:00
62,JAYNE NEESON,jneeson,jneeson@correo.com,,,,2021-10-19,2021-10-19 23:50:00
63,CAMERON WRAY,cwray,cwray@correo.com,,,,2021-10-19,2021-10-19 23:50:00
64,RAY JOHANSSON,rjohansson,rjohansson@correo.com,,,,2021-10-19,2021-10-19 23:50:00
65,ANGELA HUDSON,ahudson,ahudson@correo.com,,,,2021-10-19,2021-10-19 23:50:00
66,MARY TANDY,mtandy,mtandy@correo.com,,,,2021-10-19,2021-10-19 23:50:00
67,JESSICA BAILEY,jbailey,jbailey@correo.com,,,,2021-10-19,2021-10-19 23:50:00
68,RIP WINSLET,rwinslet,rwinslet@correo.com,,,,2021-10-19,2021-10-19 23:50:00
69,KENNETH PALTROW,kpaltrow,kpaltrow@correo.com,,,,2021-10-19,2021-10-19 23:50:00
70,MICHELLE MCCONAUGHEY,mmcconaughey,mmcconaughey@correo.com,,,,2021-10-19,2021-10-19 23:50:00
71,ADAM GRANT,agrant,agrant@correo.com,,,,2021-10-19,2021-10-19 23:50:00
72,SEAN WILLIAMS,swilliams,swilliams@correo.com,,,,2021-10-19,2021-10-19 23:50:00
73,GARY PENN,gpenn,gpenn@correo.com,,,,2021-10-19,2021-10-19 23:50:00
74,MILLA KEITEL,mkeitel,mkeitel@correo.com,,,,2021-10-19,2021-10-19 23:50:00
75,BURT POSEY,bposey,bposey@correo.com,,,,2021-10-19,2021-10-19 23:50:00
76,ANGELINA ASTAIRE,aastaire,aastaire@correo.com,,,,2021-10-19,2021-10-19 23:50:00
77,CARY MCCONAUGHEY,cmcconaughey,cmcconaughey@correo.com,,,,2021-10-19,2021-10-19 23:50:00
78,GROUCHO SINATRA,gsinatra,gsinatra@correo.com,,,,2021-10-19,2021-10-19 23:50:00
79,MAE HOFFMAN,mhoffman,mhoffman@correo.com,,,,2021-10-19,2021-10-19 23:50:00
80,RALPH CRUZ,rcruz,rcruz@correo.com,,,,2021-10-19,2021-10-19 23:50:00
81,SCARLETT DAMON,sdamon,sdamon@correo.com,,,,2021-10-19,2021-10-19 23:50:00
82,WOODY JOLIE,wjolie,wjolie@correo.com,,,,2021-10-19,2021-10-19 23:50:00
83,BEN WILLIS,bwillis,bwillis@correo.com,,,,2021-10-19,2021-10-19 23:50:00
84,JAMES PITT,jpitt,jpitt@correo.com,,,,2021-10-19,2021-10-19 23:50:00
85,MINNIE ZELLWEGER,mzellweger,mzellweger@correo.com,,,,2021-10-19,2021-10-19 23:50:00
86,GREG CHAPLIN,gchaplin,gchaplin@correo.com,,,,2021-10-19,2021-10-19 23:50:00
87,SPENCER PECK,speck,speck@correo.com,,,,2021-10-19,2021-10-19 23:50:00
88,KENNETH PESCI,kpesci,kpesci@correo.com,,,,2021-10-19,2021-10-19 23:50:00
89,CHARLIZE DENCH,cdench,cdench@correo.com,,,,2021-10-19,2021-10-19 23:50:00
90,SEAN GUINESS,sguiness,sguiness@correo.com,,,,2021-10-19,2021-10-19 23:50:00
91,CHRISTOPHER BERRY,cberry,cberry@correo.com,,,,2021-10-19,2021-10-19 23:50:00
92,KIRSTEN AKROYD,kakroyd,kakroyd@correo.com,,,,2021-10-19,2021-10-19 23:50:00
93,ELLEN PRESLEY,epresley,epresley@correo.com,,,,2021-10-19,2021-10-19 23:50:00
94,KENNETH TORN,ktorn,ktorn@correo.com,,,,2021-10-19,2021-10-19 23:50:00
95,DARYL WAHLBERG,dwahlberg,dwahlberg@correo.com,,,,2021-10-19,2021-10-19 23:50:00
96,GENE WILLIS,gwillis,gwillis@correo.com,,,,2021-10-19,2021-10-19 23:50:00
97,MEG HAWKE,mhawke,mhawke@correo.com,,,,2021-10-19,2021-10-19 23:50:00
98,CHRIS BRIDGES,cbridges,cbridges@correo.com,,,,2021-10-19,2021-10-19 23:50:00
99,JIM MOSTEL,jmostel,jmostel@correo.com,,,,2021-10-19,2021-10-19 23:50:00
100,SPENCER DEPP,sdepp,sdepp@correo.com,,,,2021-10-19,2021-10-19 23:50:00
101,SUSAN DAVIS,sdavis,sdavis@correo.com,,,,2021-10-19,2021-10-19 23:50:00
102,WALTER TORN,wtorn,wtorn@correo.com,,,,2021-10-19,2021-10-19 23:50:00
103,MATTHEW LEIGH,mleigh,mleigh@correo.com,,,,2021-10-19,2021-10-19 23:50:00
104,PENELOPE CRONYN,pcronyn,pcronyn@correo.com,,,,2021-10-19,2021-10-19 23:50:00
105,SIDNEY CROWE,scrowe,scrowe@correo.com,,,,2021-10-19,2021-10-19 23:50:00
106,GROUCHO DUNST,gdunst,gdunst@correo.com,,,,2021-10-19,2021-10-19 23:50:00
107,GINA DEGENERES,gdegeneres,gdegeneres@correo.com,,,,2021-10-19,2021-10-19 23:50:00
108,WARREN NOLTE,wnolte,wnolte@correo.com,,,,2021-10-19,2021-10-19 23:50:00
109,SYLVESTER DERN,sdern,sdern@correo.com,,,,2021-10-19,2021-10-19 23:50:00
110,SUSAN DAVIS,sdavis,sdavis@correo.com,,,,2021-10-19,2021-10-19 23:50:00
111,CAMERON ZELLWEGER,czellweger,czellweger@correo.com,,,,2021-10-19,2021-10-19 23:50:00
112,RUSSELL BACALL,rbacall,rbacall@correo.com,,,,2021-10-19,2021-10-19 23:50:00
113,MORGAN HOPKINS,mhopkins,mhopkins@correo.com,,,,2021-10-19,2021-10-19 23:50:00
114,MORGAN MCDORMAND,mmcdormand,mmcdormand@correo.com,,,,2021-10-19,2021-10-19 23:50:00
115,HARRISON BALE,hbale,hbale@correo.com,,,,2021-10-19,2021-10-19 23:50:00
116,DAN STREEP,dstreep,dstreep@correo.com,,,,2021-10-19,2021-10-19 23:50:00
117,RENEE TRACY,rtracy,rtracy@correo.com,,,,2021-10-19,2021-10-19 23:50:00
118,CUBA ALLEN,callen,callen@correo.com,,,,2021-10-19,2021-10-19 23:50:00
119,WARREN JACKMAN,wjackman,wjackman@correo.com,,,,2021-10-19,2021-10-19 23:50:00
120,PENELOPE MONROE,pmonroe,pmonroe@correo.com,,,,2021-10-19,2021-10-19 23:50:00
121,LIZA BERGMAN,lbergman,lbergman@correo.com,,,,2021-10-19,2021-10-19 23:50:00
122,SALMA NOLTE,snolte,snolte@correo.com,,,,2021-10-19,2021-10-19 23:50:00
123,JULIANNE DENCH,jdench,jdench@correo.com,,,,2021-10-19,2021-10-19 23:50:00
124,SCARLETT BENING,sbening,sbening@correo.com,,,,2021-10-19,2021-10-19 23:50:00
125,ALBERT NOLTE,anolte,anolte@correo.com,,,,2021-10-19,2021-10-19 23:50:00
126,FRANCES TOMEI,ftomei,ftomei@correo.com,,,,2021-10-19,2021-10-19 23:50:00
127,KEVIN GARLAND,kgarland,kgarland@correo.com,,,,2021-10-19,2021-10-19 23:50:00
128,CATE MCQUEEN,cmcqueen,cmcqueen@correo.com,,,,2021-10-19,2021-10-19 23:50:00
129,DARYL CRAWFORD,dcrawford,dcrawford@correo.com,,,,2021-10-19,2021-10-19 23:50:00
130,GRETA KEITEL,gkeitel,gkeitel@correo.com,,,,2021-10-19,2021-10-19 23:50:00
131,JANE JACKMAN,jjackman,jjackman@correo.com,,,,2021-10-19,2021-10-19 23:50:00
132,ADAM HOPPER,ahopper,ahopper@correo.com,,,,2021-10-19,2021-10-19 23:50:00
133,RICHARD PENN,rpenn,rpenn@correo.com,,,,2021-10-19,2021-10-19 23:50:00
134,GENE HOPKINS,ghopkins,ghopkins@correo.com,,,,2021-10-19,2021-10-19 23:50:00
135,RITA REYNOLDS,rreynolds,rreynolds@correo.com,,,,2021-10-19,2021-10-19 23:50:00
136,ED MANSFIELD,emansfield,emansfield@correo.com,,,,2021-10-19,2021-10-19 23:50:00
137,MORGAN WILLIAMS,mwilliams,mwilliams@correo.com,,,,2021-10-19,2021-10-19 23:50:00
138,LUCILLE DEE,ldee,ldee@correo.com,,,,2021-10-19,2021-10-19 23:50:00
139,EWAN GOODING,egooding,egooding@correo.com,,,,2021-10-19,2021-10-19 23:50:00
140,WHOOPI HURT,whurt,whurt@correo.com,,,,2021-10-19,2021-10-19 23:50:00
141,CATE HARRIS,charris,charris@correo.com,,,,2021-10-19,2021-10-19 23:50:00
142,JADA RYDER,jryder,jryder@correo.com,,,,2021-10-19,2021-10-19 23:50:00
143,RIVER DEAN,rdean,rdean@correo.com,,,,2021-10-19,2021-10-19 23:50:00
144,ANGELA WITHERSPOON,awitherspoon,awitherspoon@correo.com,,,,2021-10-19,2021-10-19 23:50:00
145,KIM ALLEN,kallen,kallen@correo.com,,,,2021-10-19,2021-10-19 23:50:00
146,ALBERT JOHANSSON,ajohansson,ajohansson@correo.com,,,,2021-10-19,2021-10-19 23:50:00
147,FAY WINSLET,fwinslet,fwinslet@correo.com,,,,2021-10-19,2021-10-19 23:50:00
148,EMILY DEE,edee,edee@correo.com,,,,2021-10-19,2021-10-19 23:50:00
149,RUSSELL TEMPLE,rtemple,rtemple@correo.com,,,,2021-10-19,2021-10-19 23:50:00
150,JAYNE NOLTE,jnolte,jnolte@correo.com,,,,2021-10-19,2021-10-19 23:50:00
151,GEOFFREY HESTON,gheston,gheston@correo.com,,,,2021-10-19,2021-10-19 23:50:00
152,BEN HARRIS,bharris,bharris@correo.com,,,,2021-10-19,2021-10-19 23:50:00
153,MINNIE KILMER,mkilmer,mkilmer@correo.com,,,,2021-10-19,2021-10-19 23:50:00
154,MERYL GIBSON,mgibson,mgibson@correo.com,,,,2021-10-19,2021-10-19 23:50:00
155,IAN TANDY,itandy,itandy@correo.com,,,,2021-10-19,2021-10-19 23:50:00
156,FAY WOOD,fwood,fwood@correo.com,,,,2021-10-19,2021-10-19 23:50:00
157,GRETA MALDEN,gmalden,gmalden@correo.com,,,,2021-10-19,2021-10-19 23:50:00
158,VIVIEN BASINGER,vbasinger,vbasinger@correo.com,,,,2021-10-19,2021-10-19 23:50:00
159,LAURA BRODY,lbrody,lbrody@correo.com,,,,2021-10-19,2021-10-19 23:50:00
160,CHRIS DEPP,cdepp,cdepp@correo.com,,,,2021-10-19,2021-10-19 23:50:00
161,HARVEY HOPE,hhope,hhope@correo.com,,,,2021-10-19,2021-10-19 23:50:00
162,OPRAH KILMER,okilmer,okilmer@correo.com,,,,2021-10-19,2021-10-19 23:50:00
163,CHRISTOPHER WEST,cwest,cwest@correo.com,,,,2021-10-19,2021-10-19 23:50:00
164,HUMPHREY WILLIS,hwillis,hwillis@correo.com,,,,2021-10-19,2021-10-19 23:50:00
165,AL GARLAND,agarland,agarland@correo.com,,,,2021-10-19,2021-10-19 23:50:00
166,NICK DEGENERES,ndegeneres,ndegeneres@correo.com,,,,2021-10-19,2021-10-19 23:50:00
167,LAURENCE BULLOCK,lbullock,lbullock@correo.com,,,,2021-10-19,2021-10-19 23:50:00
168,WILL WILSON,wwilson,wwilson@correo.com,,,,2021-10-19,2021-10-19 23:50:00
169,KENNETH HOFFMAN,khoffman,khoffman@correo.com,,,,2021-10-19,2021-10-19 23:50:00
170,MENA HOPPER,mhopper,mhopper@correo.com,,,,2021-10-19,2021-10-19 23:50:00
171,OLYMPIA PFEIFFER,opfeiffer,opfeiffer@correo.com,,,,2021-10-19,2021-10-19 23:50:00
172,GROUCHO WILLIAMS,gwilliams,gwilliams@correo.com,,,,2021-10-19,2021-10-19 23:50:00
173,ALAN DREYFUSS,adreyfuss,adreyfuss@correo.com,,,,2021-10-19,2021-10-19 23:50:00
174,MICHAEL BENING,mbening,mbening@correo.com,,,,2021-10-19,2021-10-19 23:50:00
175,WILLIAM HACKMAN,whackman,whackman@correo.com,,,,2021-10-19,2021-10-19 23:50:00
176,JON CHASE,jchase,jchase@correo.com,,,,2021-10-19,2021-10-19 23:50:00
177,GENE MCKELLEN,gmckellen,gmckellen@correo.com,,,,2021-10-19,2021-10-19 23:50:00
178,LISA MONROE,lmonroe,lmonroe@correo.com,,,,2021-10-19,2021-10-19 23:50:00
179,ED GUINESS,eguiness,eguiness@correo.com,,,,2021-10-19,2021-10-19 23:50:00
180,JEFF SILVERSTONE,jsilverstone,jsilverstone@correo.com,,,,2021-10-19,2021-10-19 23:50:00
181,MATTHEW CARREY,mcarrey,mcarrey@correo.com,,,,2021-10-19,2021-10-19 23:50:00
182,DEBBIE AKROYD,dakroyd,dakroyd@correo.com,,,,2021-10-19,2021-10-19 23:50:00
183,RUSSELL CLOSE,rclose,rclose@correo.com,,,,2021-10-19,2021-10-19 23:50:00
184,HUMPHREY GARLAND,hgarland,hgarland@correo.com,,,,2021-10-19,2021-10-19 23:50:00
185,MICHAEL BOLGER,mbolger,mbolger@correo.com,,,,2021-10-19,2021-10-19 23:50:00
186,JULIA ZELLWEGER,jzellweger,jzellweger@correo.com,,,,2021-10-19,2021-10-19 23:50:00
187,RENEE BALL,rball,rball@correo.com,,,,2021-10-19,2021-10-19 23:50:00
188,ROCK DUKAKIS,rdukakis,rdukakis@correo.com,,,,2021-10-19,2021-10-19 23:50:00
189,CUBA BIRCH,cbirch,cbirch@correo.com,,,,2021-10-19,2021-10-19 23:50:00
190,AUDREY BAILEY,abailey,abailey@correo.com,,,,2021-10-19,2021-10-19 23:50:00
191,GREGORY GOODING,ggooding,ggooding@correo.com,,,,2021-10-19,2021-10-19 23:50:00
192,JOHN SUVARI,jsuvari,jsuvari@correo.com,,,,2021-10-19,2021-10-19 23:50:00
193,BURT TEMPLE,btemple,btemple@correo.com,,,,2021-10-19,2021-10-19 23:50:00
194,MERYL ALLEN,mallen,mallen@correo.com,,,,2021-10-19,2021-10-19 23:50:00
195,JAYNE SILVERSTONE,jsilverstone,jsilverstone@correo.com,,,,2021-10-19,2021-10-19 23:50:00
196,BELA WALKEN,bwalken,bwalken@correo.com,,,,2021-10-19,2021-10-19 23:50:00
197,REESE WEST,rwest,rwest@correo.com,,,,2021-10-19,2021-10-19 23:50:00
198,MARY KEITEL,mkeitel,mkeitel@correo.com,,,,2021-10-19,2021-10-19 23:50:00
199,JULIA FAWCETT,jfawcett,jfawcett@correo.com,,,,2021-10-19,2021-10-19 23:50:00
200,THORA TEMPLE,ttemple,ttemple@correo.com,,,,2021-10-19,2021-10-19 23:50:00
